{"cameraMode":{"drawMode":0,"name":"Shaded","section":"Shading Mode"},"sceneLighting":true,"audioPlay":false,"sceneViewState":{"m_AlwaysRefresh":false,"showFog":true,"showSkybox":true,"showFlares":true,"showImageEffects":true,"showParticleSystems":true,"showVisualEffectGraphs":true,"m_FxEnabled":true},"in2DMode":false,"pivot":{"x":-0.3569867014884949,"y":1.6548542976379395,"z":-5.657711029052734},"rotation":{"x":0.2677607238292694,"y":-0.02682078257203102,"z":0.00753907673060894,"w":0.9630866646766663},"size":1.2247449159622193,"orthographic":false}